Id,Label,timeset,country,color,newlabel,Eccentricity,closnesscentrality,harmonicclosnesscentrality,betweenesscentrality
Man Utd,Man Utd,,,"#808080",Man Utd,11,0.258065,0.30848,3474.613369
Ajax,Ajax,,,"#808080",Ajax,10,0.285714,0.361916,7193.841084
Werder Bremen,,,,"#808080",,11,0.242697,0.2896,2418.7342
Everton,Everton,,,"#808080",Everton,10,0.264382,0.317602,4266.814219
PSV Eindhoven,,,Netherlands,"#21468B",,9,0.266996,0.332325,3954.314697
Inter,Inter,,,"#808080",Inter,11,0.251455,0.301393,2943.346103
Heerenveen,,,,"#808080",,10,0.254695,0.304495,217
Sparta R.,,,,"#808080",,11,0.203738,0.229029,0
Barcelona,Barcelona,,,"#808080",Barcelona,11,0.234273,0.273769,1399.447405
Willem II,,,,"#808080",,0,0,0,0
Ajax U21,,,,"#808080",,0,0,0,0
Celtic,,,,"#808080",,10,0.219067,0.248137,2377.208248
B. Leverkusen,,,,"#808080",,9,0.270338,0.3225,4438.216214
Man City U23,,,,"#808080",,11,0.189446,0.218723,0
Sevilla FC,Sevilla FC,,Spain,"#FFC400",Sevilla FC,10,0.246294,0.290408,2686.207134
Bor. M'gladbach,,,,"#808080",,9,0.26601,0.322468,4955.561701
Twente FC,,,,"#808080",,10,0.254717,0.308214,1204.732268
De Graafschap,,,,"#808080",,11,0.203756,0.23006,0
Middlesbrough,,,,"#808080",,11,0.198529,0.227418,1301.477502
Atalanta BC,,,Italy,"#009246",,10,0.246575,0.30068,5453.677697
Juventus,Juventus,,,"#808080",Juventus,10,0.256228,0.306515,4424.067442
Bayern Munich,Bayern Munich,,Germany,"#000000",Bayern Munich,11,0.22833,0.267973,1164.523133
Olympique Lyon,Olympique Lyon,,France,"#002395",Olympique Lyon,10,0.265031,0.323065,6616.922387
Bournemouth,,,,"#808080",,11,0.225235,0.261852,1471.778126
Man City,Man City,,,"#808080",Man City,10,0.27446,0.335874,7758.098354
Chelsea,Chelsea,,,"#808080",Chelsea,10,0.26799,0.330208,6603.567989
Feyenoord U17,,,,"#808080",,0,0,0,0
Chelsea U18,,,,"#808080",,0,0,0,0
Club Brugge,,,,"#808080",,11,0.263736,0.325494,6841.362451
Vitesse,,,,"#808080",,0,0,0,0
Feyenoord,,,,"#808080",,11,0.241881,0.28744,980.328874
Lazio,,,,"#808080",,12,0.173913,0.190449,349.980844
Watford,,,,"#808080",,11,0.22547,0.263946,1390.600372
AZ Alkmaar,,,,"#808080",,10,0.257449,0.320462,2190.411719
Spurs,Spurs,,,"#808080",Spurs,9,0.272383,0.340452,11864.249463
Ajax Youth,,,,"#808080",,0,0,0,0
PSV Eindhoven Y,,,,"#808080",,0,0,0,0
Monterrey,,,,"#808080",,12,0.193548,0.22769,3697.522453
Royal Antwerp,,,,"#808080",,11,0.168224,0.185393,1365.266938
Almere City,,,,"#808080",,11,0.205492,0.235384,0
Southampton,,,,"#808080",,10,0.250871,0.296947,1827.320019
Liverpool,Liverpool,,,"#808080",Liverpool,9,0.287234,0.354843,7104.317414
FC Groningen,,,,"#808080",,9,0.261761,0.314383,589.176751
VfL Wolfsburg,,,Germany,"#000000",,11,0.249711,0.301835,2443.052762
Burnley,,,,"#808080",,10,0.216216,0.249265,858.199573
Heracles Almelo,,,,"#808080",,11,0.21875,0.251384,0
Slavia Prague,,,,"#808080",,10,0.225806,0.255691,434
Benfica,Benfica,,,"#808080",Benfica,9,0.290323,0.359395,6113.598525
SönderjyskE,,,,"#808080",,11,0.185593,0.20644,219
HB Köge,,,,"#808080",,12,0.157143,0.171112,0
Trabzonspor,,,Turkey,"#E30A17",,12,0.202817,0.232231,1204.109825
FC Copenhagen,,,Denmark,"#C60C30",,11,0.253521,0.315666,3872.383499
Parma,,,,"#808080",,13,0.169545,0.191162,806.474117
Cardiff,,,,"#808080",,10,0.244621,0.293588,607.046929
Bologna,,,,"#808080",,9,0.258993,0.304334,3246.611343
Nordsjaelland,,,,"#808080",,10,0.272841,0.326811,0
Odense BK U19,,,,"#808080",,0,0,0,0
Ajax U19,,,,"#808080",,0,0,0,0
Fiorentina,,,,"#808080",,9,0.247991,0.297459,3878.325641
Brentford,,,,"#808080",,12,0.184615,0.205203,738.671751
Bröndby IF,,,Denmark,"#C60C30",,10,0.211765,0.242567,507.163229
Hamburger SV,,,,"#808080",,9,0.239468,0.280442,312.497763
Lyngby BK U19,,,,"#808080",,0,0,0,0
Hamburger SV II,,,,"#808080",,0,0,0,0
Atlético Madrid,Atlético Madrid,,,"#808080",Atlético Madrid,10,0.265683,0.33082,5466.431923
Valencia,Valencia,,,"#808080",Valencia,10,0.272383,0.331022,4905.578013
Celta de Vigo,,,Spain,"#FFC400",,11,0.223834,0.258598,953.391436
Évian,,,,"#808080",,12,0.183517,0.202975,772.343074
E. Frankfurt,E. Frankfurt,,,"#808080",E. Frankfurt,11,0.245455,0.294371,2598.527667
Union Berlin,,,,"#808080",,0,0,0,0
AC Horsens,,,,"#808080",,11,0.175424,0.193506,0
Austria Vienna,,,,"#808080",,12,0.203184,0.226096,7
Udinese Calcio,,,Italy,"#009246",,11,0.253819,0.298512,2313.594827
Crystal Palace,,,England,"#FFFFFF",,11,0.198347,0.224051,179.037279
Sampdoria,,,,"#808080",,11,0.246014,0.296611,1823.611217
Midtjylland U19,,,,"#808080",,0,0,0,0
FC Twente U19,,,,"#808080",,0,0,0,0
KRC Genk,,,Belgium,"#FAE042",,11,0.264382,0.326913,1884.941972
Aalborg BK,,,,"#808080",,12,0.210628,0.242503,0
OGC Nice,,,France,"#002395",,11,0.219067,0.250465,288.66333
Silkeborg U19,,,,"#808080",,0,0,0,0
Leicester,,,,"#808080",,11,0.219512,0.254786,4075.687858
Leeds,,,,"#808080",,11,0.23176,0.267664,438.235919
CD Leganés,,,Spain,"#FFC400",,11,0.202247,0.228303,655.763327
Toulouse,,,,"#808080",,12,0.16641,0.184207,232.404762
Esbjerg fB,,,,"#808080",,13,0.143234,0.15645,0
Odense BK,,,,"#808080",,1,1,1,0
Hertha BSC,,,Germany,"#000000",,0,0,0,0
RB Salzburg,,,,"#808080",,10,0.240267,0.281592,1292.382934
FC Midtjylland,,,,"#808080",,11,0.225941,0.263038,518.410931
TSG Hoffenheim,,,,"#808080",,10,0.231511,0.282521,4785.325979
Silkeborg IF,,,,"#808080",,12,0.202993,0.232313,0
AC Milan,AC Milan,,Italy,"#009246",AC Milan,11,0.236066,0.277936,3491.622905
Fenerbahce,,,Turkey,"#E30A17",,11,0.204739,0.232431,564.080173
LOSC Lille,,,France,"#002395",,10,0.258993,0.316044,3316.92659
US Palermo,,,,"#808080",,11,0.227608,0.267896,502.396914
Bor. Dortmund,Bor. Dortmund,,,"#808080",Bor. Dortmund,10,0.253224,0.306662,4096.712109
Galatasaray,,,Turkey,"#E30A17",,11,0.209505,0.235775,1090.818376
Lyngby BK,,,,"#808080",,11,0.193405,0.217598,0
RB Leipzig,,,Germany,"#000000",,10,0.238674,0.286769,1517.302572
Toluca,,,,"#808080",,14,0.130149,0.140533,9
Chivas,,,,"#808080",,13,0.14952,0.165147,229.009524
Real Betis,,,,"#808080",,10,0.198895,0.222259,181.922475
Atlas,,,,"#808080",,14,0.138836,0.151946,0
Dep. La Coruña,,,,"#808080",,13,0.160475,0.178862,673.583295
CD Cruz Azul,,,Mexico,"#006847",,12,0.174194,0.190714,1732.009524
América,,,,"#808080",,11,0.23301,0.27728,679.983037
Santos Laguna,,,Mexico,"#006847",,12,0.216135,0.250174,134.004388
Standard Liège,,,Belgium,"#FAE042",,10,0.24,0.282718,1257.592857
Mérida FC,,,,"#808080",,13,0.160059,0.176174,0
Club Tijuana,,,,"#808080",,12,0.189685,0.213546,220
SSC Napoli,,,Italy,"#009246",,11,0.237885,0.275775,1289.37862
Pachuca,,,,"#808080",,10,0.235358,0.275625,139.999242
FC Porto,FC Porto,,Portugal,"#006600",FC Porto,10,0.264059,0.320881,6601.757062
AS Roma,,,Italy,"#009246",,8,0.283465,0.338145,5620.047439
Real Sociedad,,,Spain,"#FFC400",,11,0.259304,0.311359,3554.357762
Espanyol,,,,"#808080",,10,0.211557,0.241086,208.972493
UNAM Pumas,,,Mexico,"#006847",,11,0.216867,0.256634,1250.610429
Genoa,,,,"#808080",,11,0.221311,0.255712,1164.028694
Cimarrones,,,,"#808080",,13,0.162791,0.182443,0
Querétaro FC,,,,"#808080",,13,0.15,0.166676,0
Wolves,,,,"#808080",,9,0.230277,0.264479,2401.50189
Necaxa,,,,"#808080",,13,0.148936,0.1613,0
River Plate,,,,"#808080",,9,0.264242,0.311978,436
Ascoli,,,,"#808080",,12,0.198174,0.223651,0
1.FC Nuremberg,,,,"#808080",,11,0.210117,0.244461,690.84246
Huddersfield,,,,"#808080",,10,0.197621,0.225164,578.064863
Al-Rayyan SC,,,Qatar,"#8D1B3D",,1,1,1,0
Al-Nassr FC,,,Saudi Arabia,"#006C35",,0,0,0,0
Aalesund,,,,"#808080",,0,0,0,0
GZ R&F,,,,"#808080",,0,0,0,0
OC Safi,,,,"#808080",,0,0,0,0
Wydad AC,,,,"#808080",,13,0.15565,0.173105,219
Stade Brestois,,,,"#808080",,0,0,0,0
Paris SG,Paris SG,,,"#808080",Paris SG,11,0.246294,0.295374,11390.939326
Real Madrid,Real Madrid,,Spain,"#FFC400",Real Madrid,11,0.269327,0.331629,6286.854439
RSC Charleroi,,,Belgium,"#FAE042",,11,0.178454,0.197722,352.219014
Lommel SK,,,,"#808080",,12,0.152022,0.16581,0
El Ahly,,,,"#808080",,1,1,1,4
Qatar SC,,,Qatar,"#8D1B3D",,0,0,0,0
Raja Casablanca,,,,"#808080",,12,0.18311,0.206208,219
Girona,,,,"#808080",,11,0.198355,0.22058,0
Atl. Madrid B,,,,"#808080",,12,0.18266,0.203113,434
Hércules CF,,,,"#808080",,0,0,0,0
Barcelona B,,,,"#808080",,0,0,0,0
Real Valladolid,,,,"#808080",,11,0.201305,0.224811,74.431385
O. Khouribga,,,,"#808080",,13,0.155367,0.170392,0
Rennes,,,,"#808080",,11,0.242697,0.296715,2528.337205
West Ham,,,,"#808080",,11,0.214499,0.250129,2161.250246
Dijon,,,,"#808080",,12,0.210732,0.245903,1851.914372
FUS Rabat,,,,"#808080",,13,0.174718,0.194883,217
AM Football,,,,"#808080",,14,0.149897,0.167487,0
Angers SCO,,,France,"#002395",,10,0.241341,0.283741,1015.733988
Mouscron,,,,"#808080",,11,0.19427,0.216713,0
Hellas Verona,,,Italy,"#009246",,10,0.201305,0.229281,2216.104667
FC Utrecht,,,,"#808080",,10,0.220978,0.255665,434
Bari,,,,"#808080",,0,0,0,0
Sangiustese,,,,"#808080",,14,0.14554,0.16038,0
Dibba Fujairah,,,,"#808080",,14,0.135218,0.147794,0
Málaga CF,,,,"#808080",,12,0.168872,0.185025,217
Málaga U19,,,,"#808080",,0,0,0,0
PSV U21,,,,"#808080",,11,0.205492,0.235384,0
Kawasaki Front.,,,,"#808080",,11,0.221095,0.256162,0
F. Düsseldorf,,,,"#808080",,0,0,0,0
Kashima Antlers,,,,"#808080",,0,0,0,0
Cercle Brugge,,,,"#808080",,0,0,0,0
Sagan Tosu,,,,"#808080",,12,0.197812,0.222124,0
Yokohama F. M.,,,,"#808080",,10,0.215278,0.243488,0
Lierse SK,,,,"#808080",,11,0.19427,0.216713,0
Santa Clara,,,,"#808080",,11,0.213583,0.241948,0
Sporting CP,Sporting CP,,Portugal,"#006600",Sporting CP,10,0.270338,0.333111,2866.624431
Júbilo Iwata,,,,"#808080",,10,0.194097,0.216369,0
VfB Stuttgart,,,Germany,"#000000",,9,0.239734,0.283409,2550.849131
Marseille,,,,"#808080",,10,0.246294,0.296811,2960.796587
Urawa Reds,,,,"#808080",,0,0,0,0
Kashiwa Reysol,,,,"#808080",,13,0.168872,0.189617,0
Hannover 96,,,Germany,"#000000",,12,0.195652,0.219313,205.765884
Stade Reims,,,France,"#002395",,11,0.245455,0.296506,1330.170585
Brighton,,,,"#808080",,12,0.211557,0.251621,1651.71603
VVV-Venlo,,,,"#808080",,11,0.201299,0.224697,0
SC Freiburg,,,Germany,"#000000",,11,0.232759,0.268811,1632.292764
Gamba Osaka,,,Japan,"#BC002D",,10,0.221545,0.254114,218
Portimonense,,,,"#808080",,0,0,0,0
Shimizu S-Pulse,,,Japan,"#BC002D",,0,0,0,0
Arsenal,Arsenal,,,"#808080",Arsenal,11,0.243243,0.306671,6170.797855
Sint-Truiden,,,,"#808080",,10,0.237678,0.280418,217
Avispa Fukuoka,,,,"#808080",,11,0.19275,0.215183,0
Partizan,,,,"#808080",,10,0.240535,0.285125,1243.652654
Sanf. Hiroshima,,,,"#808080",,12,0.19638,0.226685,0
Monaco,Monaco,,,"#808080",Monaco,10,0.279793,0.343214,4839.464794
Cerezo Osaka,,,,"#808080",,11,0.194444,0.216018,0
Cesena,,,,"#808080",,12,0.201673,0.226271,434
FC Tokyo,,,Japan,"#BC002D",,13,0.16847,0.184431,218
Peñarol,,,,"#808080",,9,0.24866,0.297624,0
Athletico-PR,,,,"#808080",,11,0.210271,0.237088,15.47381
UD Almería,,,Spain,"#FFC400",,10,0.225941,0.255949,104.076335
Villarreal,,,,"#808080",,11,0.236583,0.28141,1777.020068
Nacional,,,,"#808080",,10,0.250286,0.304073,0
Defensor U19,,,,"#808080",,0,0,0,0
CA Cerro,,,,"#808080",,0,0,0,0
Danubio FC,,,,"#808080",,11,0.217871,0.253466,0
Orlando,,,,"#808080",,13,0.128472,0.144277,6.5
RM Castilla,,,,"#808080",,10,0.216567,0.245721,19.334416
Wanderers,,,,"#808080",,13,0.148732,0.161108,0
Cruzeiro,,,,"#808080",,13,0.181742,0.205362,227.344553
Flamengo,,,,"#808080",,12,0.218845,0.252705,1314.504387
Defensor,,,,"#808080",,12,0.206831,0.240972,0
Dynamo Moscow,,,Russia,"#D52B1E",,0,0,0,0
Man Utd U21,,,,"#808080",,12,0.160176,0.17397,2.333333
Pescara,,,,"#808080",,12,0.198174,0.223651,0
Wanderers U19,,,,"#808080",,0,0,0,0
Pescara U19,,,,"#808080",,0,0,0,0
Famalicão,,,,"#808080",,11,0.213583,0.241948,217
CA Fénix,,,,"#808080",,12,0.176661,0.194119,0
Getafe,,,,"#808080",,11,0.205323,0.233203,75.679741
Palmeiras,,,,"#808080",,9,0.2382,0.270461,136.70043
Liverpool FC,,,England,"#FFFFFF",,10,0.20977,0.232857,0
Boca Juniors,,,,"#808080",,9,0.236126,0.272663,0
Boston River,,,,"#808080",,0,0,0,0
Rentistas,,,,"#808080",,0,0,0,0
Sunderland,,,,"#808080",,10,0.248276,0.290774,1335.409986
Vélez Sarsfield,,,,"#808080",,11,0.210732,0.239865,634.606047
HNK Rijeka,,,,"#808080",,10,0.188811,0.210852,2739.687573
Dinamo Zagreb,,,,"#808080",,9,0.275159,0.334878,6050.927387
RCD Mallorca,,,Spain,"#FFC400",,12,0.216,0.248516,524.869589
CA Osasuna,,,Spain,"#FFC400",,11,0.198895,0.224398,18.988095
Crotone,,,,"#808080",,12,0.203966,0.233268,150.844444
FC St. Pauli,,,Germany,"#000000",,12,0.197452,0.223684,48.020238
NK Lokomotiva,,,,"#808080",,10,0.241685,0.280728,436
HNK Gorica,,,,"#808080",,0,0,0,0
Inter Zapresic,,,,"#808080",,0,0,0,0
NK Osijek,,,Croatia,"#FF0000",,10,0.214356,0.241841,0
Rangers,,,,"#808080",,0,0,0,0
Trapani,,,,"#808080",,10,0.20647,0.229169,153.540293
Catania,,,,"#808080",,11,0.18702,0.208368,57.3
Zenit S-Pb,,,,"#808080",,8,0.23301,0.26536,1784.891188
Dynamo Kyiv,,,,"#808080",,0,0,0,0
NK Zagreb,,,,"#808080",,10,0.216567,0.243181,0
FC Sochaux,,,,"#808080",,11,0.228601,0.271065,219
Hajduk U17,,,,"#808080",,0,0,0,0
FC Sochaux B,,,,"#808080",,0,0,0,0
HNK Rijeka Jgd,,,,"#808080",,0,0,0,0
Inter Youth,,,,"#808080",,0,0,0,0
Legia Warszawa,,,Poland,"#DC143C",,9,0.245734,0.293465,5061.203193
Hajduk Split,,,,"#808080",,10,0.252326,0.293409,0
RNK Split,,,,"#808080",,11,0.195361,0.216216,0
Hrv Dragovoljac,,,,"#808080",,11,0.195361,0.216216,0
UD Las Palmas,,,,"#808080",,12,0.191866,0.216021,0
AEK Athens,,,Greece,"#0D5EAF",,0,0,0,0
Rubin Kazan,,,,"#808080",,9,0.209505,0.240901,1130.658773
Spezia Calcio,,,Italy,"#009246",,0,0,0,0
Sassuolo,,,,"#808080",,0,0,0,0
Ulsan Hyundai,,,South Korea,"#030303",,10,0.219959,0.25275,1837.118759
CC Yatai,,,,"#808080",,11,0.180905,0.199427,1973.1
Jeonnam Dragons,,,,"#808080",,12,0.153627,0.166805,2198.1
Kustosija U17,,,,"#808080",,0,0,0,0
I. Zapresic U17,,,,"#808080",,0,0,0,0
CSKA Moscow,,,,"#808080",,12,0.17734,0.197221,66.846359
Wigan,,,,"#808080",,11,0.214851,0.245961,341.231818
Fulham,,,,"#808080",,11,0.232258,0.273033,2242.629272
Everton U23,,,,"#808080",,12,0.177524,0.196127,0
Philadelphia,,,,"#808080",,11,0.194444,0.216018,0
Newcastle,,,,"#808080",,12,0.188976,0.2111,830.855751
Seattle,,,,"#808080",,10,0.214851,0.244891,0
Molde,,,,"#808080",,12,0.209459,0.238026,0
Antalyaspor,,,Turkey,"#E30A17",,0,0,0,0
New York City,,,,"#808080",,10,0.21165,0.240565,55.221032
Norwich,,,,"#808080",,12,0.180753,0.200618,120.33131
Colorado,,,,"#808080",,12,0.145971,0.163378,108.562904
LAFC,,,,"#808080",,12,0.146164,0.163333,708.791126
New England,,,,"#808080",,12,0.225337,0.263876,0
CD Tenerife,,,,"#808080",,12,0.143137,0.154926,0
Nashville,,,,"#808080",,11,0.166285,0.181772,1026.228222
Bolton,,,,"#808080",,12,0.189189,0.21128,24.744094
New York RB,,,,"#808080",,11,0.195341,0.223557,0
FC Schalke 04,,,Germany,"#000000",,10,0.25029,0.29501,130.645188
Stoke City,,,England,"#FFFFFF",,10,0.233261,0.268063,969.931136
Sheff Utd,,,,"#808080",,10,0.234273,0.279821,793.931441
Swansea,,,,"#808080",,10,0.251163,0.30038,833.001593
Nottm Forest,,,,"#808080",,11,0.196721,0.222496,1396.892029
Reading,,,,"#808080",,0,0,0,0
Wrexham,,,,"#808080",,10,0.223942,0.253233,0
Dundee United,,,,"#808080",,11,0.189851,0.209517,218.333333
Exeter City,,,,"#808080",,11,0.212121,0.240725,0
Barnsley FC,,,,"#808080",,11,0.216056,0.245382,436
Ipswich,,,,"#808080",,12,0.178339,0.195733,219
Forest Green,,,,"#808080",,13,0.151934,0.164614,0
Al-Sadd SC,,,Qatar,"#8D1B3D",,0,0,0,0
El-Jaish,,,,"#808080",,1,1,1,0
Lekhwiya,,,,"#808080",,0,0,0,0
VfL Bochum,,,Germany,"#000000",,11,0.225337,0.260594,0
VfL Bochum U19,,,,"#808080",,12,0.174297,0.19386,0
Chelsea Youth,,,,"#808080",,0,0,0,0
FC Bayern U17,,,,"#808080",,0,0,0,0
Stuttgart U19,,,,"#808080",,11,0.193405,0.217598,0
Wolfsburg U19,,,,"#808080",,10,0.213583,0.238348,0
U'haching U19,,,,"#808080",,11,0.194444,0.216018,0
1.FC K'lautern,,,,"#808080",,12,0.197812,0.222124,0
Karlsruhe U19,,,,"#808080",,0,0,0,0
SC Freiburg U19,,,,"#808080",,0,0,0,0
Stuttgart U17,,,,"#808080",,0,0,0,0
Arsenal U18,,,,"#808080",,0,0,0,0
Montréal,,,,"#808080",,10,0.198536,0.223241,1452.228222
Vancouver,,,,"#808080",,10,0.2,0.232904,444.833333
Helsingborg,,,,"#808080",,12,0.202993,0.232313,217
Östers IF,,,,"#808080",,13,0.169386,0.187802,0
Besiktas,,,,"#808080",,0,0,0,0
Troyes,,,,"#808080",,13,0.156749,0.171144,222.5
Chelsea U23,,,,"#808080",,12,0.216135,0.250489,0
Cavalry FC,,,,"#808080",,1,1,1,0
Montreal,,,,"#808080",,0,0,0,0
KAA Gent,,,Belgium,"#FAE042",,11,0.257143,0.306693,5637.873445
Blackburn,,,,"#808080",,13,0.157061,0.174671,0
QPR,,,,"#808080",,0,0,0,0
Austin,,,,"#808080",,11,0.166285,0.181772,0
Liverpool U23,,,,"#808080",,11,0.223022,0.26065,0
FC Basel,,,,"#808080",,10,0.259304,0.321456,3648.946131
Puebla FC,,,,"#808080",,11,0.167298,0.185889,5.833333
Toronto,,,,"#808080",,12,0.165019,0.181247,288.771778
Louisville City,,,,"#808080",,13,0.128028,0.140416,0
Vålerenga,,,,"#808080",,1,1,1,4
Hatayspor,,,Turkey,"#E30A17",,0,0,0,0
CD Izarra,,,,"#808080",,1,1,1,0
Paços Ferreira,,,,"#808080",,11,0.209913,0.236161,1507.009524
Chaves,,,,"#808080",,13,0.148936,0.1613,217
Leixões,,,,"#808080",,14,0.130149,0.140533,0
RSC Anderlecht,,,Belgium,"#FAE042",,9,0.25,0.302859,650.439269
Borac Cacak,,,,"#808080",,11,0.207259,0.232008,0
Red Star,,,,"#808080",,10,0.260241,0.311877,4422.304419
Vojvodina,,,,"#808080",,10,0.247458,0.288972,0
Radnicki 1923,,,,"#808080",,10,0.208214,0.233523,0
1. FC Köln,,,Germany,"#000000",,11,0.229056,0.261751,1342.430592
BATE Borisov,,,,"#808080",,12,0.187069,0.205726,0
Red Star U17,,,,"#808080",,0,0,0,0
Man City U18,,,,"#808080",,0,0,0,0
Apol. Limassol,,,,"#808080",,10,0.225941,0.255949,67.746032
Alcorcón,,,,"#808080",,0,0,0,0
SD Eibar,,,,"#808080",,0,0,0,0
Tottenham U21,,,,"#808080",,12,0.196025,0.219838,0
TJ Teda,,,,"#808080",,1,1,1,443
GZ Evergrande,,,,"#808080",,0,0,0,0
NAC Breda,,,,"#808080",,11,0.205492,0.235384,0
NK Domzale,,,,"#808080",,0,0,0,0
FC Astana,,,,"#808080",,0,0,0,0
Empoli U19,,,,"#808080",,9,0.221655,0.246483,0
M. Tel Aviv,,,,"#808080",,12,0.197984,0.223373,145.193132
Jagodina,,,,"#808080",,11,0.207259,0.232008,0
Torino,,,,"#808080",,11,0.232009,0.269015,1175.396411
Real Sociedad B,,,,"#808080",,0,0,0,0
R. Strasbourg,,,,"#808080",,11,0.222451,0.254861,173.639393
KV Kortrijk,,,,"#808080",,10,0.225806,0.255691,0
OFK Beograd U19,,,,"#808080",,0,0,0,0
Red Star U19,,,,"#808080",,0,0,0,0
Lechia Gdansk,,,,"#808080",,12,0.197452,0.224037,0
G. Bordeaux,,,,"#808080",,11,0.237102,0.284568,1755.770013
VAFC U19,,,,"#808080",,11,0.194444,0.216018,0
Aston Villa,,,England,"#FFFFFF",,10,0.24297,0.286927,2150.848275
FC Nantes,,,France,"#002395",,11,0.212121,0.245302,0
CF Rayo Majadaho,,,,"#808080",,0,0,0,0
Atléti Youth,,,,"#808080",,0,0,0,0
Guingamp,,,,"#808080",,10,0.210884,0.237066,48.277832
FC Lorient,,,France,"#002395",,11,0.230523,0.278467,766.650383
Montpellier,,,,"#808080",,12,0.208696,0.242745,1793.160354
Tours FC,,,,"#808080",,13,0.173323,0.193437,217
Grenoble,,,,"#808080",,14,0.148299,0.162742,0
Lens,,,,"#808080",,11,0.231511,0.272724,826.202344
AC Le Havre,,,,"#808080",,11,0.198355,0.22394,0
Saint-Étienne,,,,"#808080",,12,0.196364,0.226808,25.848786
Novara,,,,"#808080",,12,0.203184,0.226096,217
Boavista Y19,,,,"#808080",,13,0.169518,0.184695,0
Marítimo,,,,"#808080",,11,0.209662,0.235841,0
Olympiacos,,,,"#808080",,10,0.188646,0.210712,1064.249036
Sacavenense U19,,,,"#808080",,0,0,0,0
Sporting U19,,,,"#808080",,0,0,0,0
Estoril Praia,,,,"#808080",,1,1,1,0
Sporting CP U23,,,,"#808080",,0,0,0,0
Internacional,,,,"#808080",,9,0.234914,0.270913,0
SM Caen,,,France,"#002395",,12,0.199265,0.229645,33.333333
Vitória Setúbal,,,,"#808080",,13,0.145043,0.157209,0
Athletic,,,,"#808080",,11,0.216135,0.244253,0
Barça U16,,,,"#808080",,0,0,0,0
Cornellà U19,,,,"#808080",,0,0,0,0
Valencia B,,,,"#808080",,0,0,0,0
LD Alajuelense,,,Costa Rica,"#002B7F",,11,0.218038,0.253979,0
Saprissa,,,,"#808080",,12,0.238773,0.287513,0
Göztepe,,,,"#808080",,0,0,0,0
Fredrikstad,,,,"#808080",,0,0,0,0
San Jose,,,,"#808080",,0,0,0,0
Konyaspor,,,Turkey,"#E30A17",,0,0,0,0
Minnesota,,,,"#808080",,13,0.159325,0.174587,5
Chicago,,,,"#808080",,12,0.188646,0.211045,385.601177
Herediano,,,,"#808080",,11,0.199632,0.221548,0
Frosinone,,,,"#808080",,1,1,1,442
León,,,,"#808080",,0,0,0,0
Cincinnati,,,,"#808080",,0,0,0,0
Levante,,,,"#808080",,12,0.212954,0.241303,217
Albacete,,,,"#808080",,13,0.176233,0.193765,0
Thonon Évian,,,,"#808080",,0,0,0,0
Lausanne-Sport,,,,"#808080",,0,0,0,0
Maldonado,,,,"#808080",,11,0.230851,0.266431,145.543104
Atlético-PR,,,,"#808080",,10,0.19873,0.222356,0
Grêmio,,,,"#808080",,12,0.173878,0.190339,0
São Paulo,,,,"#808080",,11,0.243001,0.284963,206.5
Atlético-MG,,,,"#808080",,12,0.189024,0.20927,19.1
Desportivo U20,,,,"#808080",,0,0,0,0
Atlético-MG U20,,,,"#808080",,0,0,0,0
EC Bahia,,,,"#808080",,11,0.198355,0.22058,0
Santos FC,,,,"#808080",,11,0.224974,0.263986,110.427614
América-MG,,,,"#808080",,11,0.197832,0.225863,0
Rio Ave FC,,,,"#808080",,10,0.244921,0.283635,217
Fluminense U20,,,,"#808080",,11,0.197464,0.218012,0
Shakhtar D.,,,,"#808080",,12,0.205882,0.230386,7.1421
Ituano,,,,"#808080",,12,0.19638,0.226685,0
Corinthians,,,,"#808080",,9,0.224385,0.252604,0
Fluminense,,,,"#808080",,10,0.224532,0.260435,443.916953
Vit. Guimarães,,,,"#808080",,11,0.213583,0.241948,0
Avaí FC U20,,,,"#808080",,0,0,0,0
Guimarães B,,,,"#808080",,0,0,0,0
Dinamo Moscow,,,,"#808080",,11,0.184143,0.204044,561.344567
Juventude,,,,"#808080",,11,0.209662,0.235841,0
Al-Ahli (UAE),,,,"#808080",,13,0.181208,0.203998,631.368132
Coritiba FC,,,,"#808080",,14,0.154391,0.169896,3
KV Oostende,,,,"#808080",,10,0.206501,0.229304,39.183441
TJ Tianhai,,,,"#808080",,11,0.202804,0.228133,0
TJ Quanjian,,,,"#808080",,0,0,0,0
AGOVV,,,,"#808080",,11,0.181667,0.201604,218
KAA Gent U21,,,,"#808080",,12,0.154334,0.168434,0
KSC Lokeren,,,,"#808080",,12,0.216351,0.249558,217
Lommel United,,,,"#808080",,13,0.178542,0.197981,0
RE Virton,,,,"#808080",,12,0.209459,0.238026,0
Al-Duhail SC,,,Qatar,"#8D1B3D",,12,0.146242,0.164738,1496.265026
DL Pro,,,,"#808080",,11,0.21068,0.240387,0
DL Yifang,,,,"#808080",,0,0,0,0
KRC Genk U17,,,,"#808080",,0,0,0,0
Monaco U19,,,,"#808080",,0,0,0,0
Suwon Bluewings,,,,"#808080",,11,0.197812,0.223453,0
Daegu FC,,,South Korea,"#030303",,0,0,0,0
FC Anyang,,,,"#808080",,14,0.13991,0.157518,0
Jeonbuk Hyundai,,,,"#808080",,13,0.161919,0.191981,2807.100256
Daejeon Citizen,,,,"#808080",,11,0.167298,0.185889,0
Holstein Kiel,,,,"#808080",,0,0,0,0
Albirex Niigata,,,Japan,"#BC002D",,11,0.188696,0.214427,0
SD Taishan,,,,"#808080",,0,0,0,0
Pohang Steelers,,,,"#808080",,14,0.13991,0.157518,0
Seongnam FC,,,,"#808080",,11,0.182045,0.200944,0
BJ Guoan,,,,"#808080",,12,0.170886,0.187754,272.793773
Busan IPark,,,,"#808080",,13,0.128028,0.140416,0
Gwangju FC,,,,"#808080",,14,0.144746,0.156929,0
Al-Shabab,,,,"#808080",,12,0.171701,0.187225,39.65
Vissel Kobe,,,,"#808080",,1,1,1,442
Darmstadt 98,,,,"#808080",,14,0.140464,0.161382,0
FC Bayern II,,,,"#808080",,12,0.18952,0.209343,0
Incheon Utd.,,,,"#808080",,0,0,0,0
FC Bayern U19,,,,"#808080",,0,0,0,0
CQ Lifan,,,,"#808080",,0,0,0,0
Omiya Ardija,,,,"#808080",,1,1,1,0
Suwon FC,,,,"#808080",,0,0,0,0
Daejeon Hana C.,,,,"#808080",,0,0,0,0
Coventry,,,,"#808080",,12,0.190853,0.215773,0
Liverpool U21,,,,"#808080",,11,0.165649,0.182719,0
Hull City,,,,"#808080",,12,0.181665,0.204586,994.222777
Birmingham,,,,"#808080",,11,0.202804,0.228133,0
Charlton,,,,"#808080",,11,0.178454,0.197722,0
QPR U18,,,,"#808080",,0,0,0,0
Liverpool U18,,,,"#808080",,0,0,0,0
Barça U19,,,,"#808080",,11,0.223022,0.255726,217
HN Jianye,,,,"#808080",,0,0,0,0
Al-Tai,,,Saudi Arabia,"#006C35",,0,0,0,0
FC Dinamo,,,,"#808080",,11,0.19427,0.216713,0
OFI Crete FC,,,,"#808080",,1,1,1,0
Abha,,,,"#808080",,0,0,0,0
Le Mans FC,,,,"#808080",,11,0.195144,0.216886,0
AJ Auxerre,,,France,"#002395",,12,0.209459,0.238026,0
Servette FC,,,,"#808080",,10,0.200926,0.222718,0
BSC Young Boys,,,Switzerland,"#FF0000",,9,0.25029,0.293774,2392.389581
Apejes FC,,,,"#808080",,0,0,0,0
Colombe Sport,,,,"#808080",,0,0,0,0
Paris FC,,,,"#808080",,12,0.187447,0.212537,0
Recre Granada,,,,"#808080",,12,0.14457,0.157341,0
Nkufo Academy,,,,"#808080",,0,0,0,0
Granada B,,,,"#808080",,0,0,0,0
SCR Altach,,,,"#808080",,10,0.200926,0.222718,0
1.FSV Mainz 05,,,Germany,"#000000",,11,0.222451,0.259348,2262.205548
SH Port,,,,"#808080",,0,0,0,0
Adelaide United,,,Australia,"#00008B",,12,0.217085,0.253028,1362.72381
Basaksehir,,,,"#808080",,0,0,0,0
Bursaspor,,,,"#808080",,10,0.211501,0.240897,0
Brescia,,,,"#808080",,0,0,0,0
Central Coast,,,,"#808080",,12,0.211707,0.244247,0
Burton Albion,,,,"#808080",,13,0.154339,0.169395,217
Ross County,,,,"#808080",,14,0.134236,0.146039,0
Melbourne City,,,,"#808080",,0,0,0,0
Hibernian FC,,,,"#808080",,12,0.165019,0.181247,0
FC Ingolstadt,,,,"#808080",,1,1,1,3.9
FSV Frankfurt,,,,"#808080",,2,0.666667,0.75,444.9
Al-Hilal SFC,,,,"#808080",,11,0.207095,0.233853,1334.65
Charlotte,,,,"#808080",,12,0.16641,0.184207,263.617978
SPAL,,,,"#808080",,13,0.174757,0.195014,112.216494
Diambars FC,,,,"#808080",,11,0.198355,0.22394,0
Bristol City,,,England,"#FFFFFF",,0,0,0,0
Clermont Foot,,,,"#808080",,11,0.21135,0.24073,1012.1
FC Metz,,,,"#808080",,10,0.251455,0.300812,3011.943733
Sarpsborg 08,,,,"#808080",,12,0.209459,0.238026,217
Oslo FA Dakar,,,,"#808080",,13,0.173844,0.191608,0
SC Braga,,,Portugal,"#006600",,11,0.209662,0.235841,0
US Ouakam,,,,"#808080",,0,0,0,0
Braga B,,,,"#808080",,0,0,0,0
ASPIRE FD,,,,"#808080",,12,0.183039,0.202452,0
Pafos FC,,,Cyprus,"#D47600",,0,0,0,0
AC Ajaccio,,,,"#808080",,11,0.159325,0.173739,0
CF Fuenlabrada,,,,"#808080",,0,0,0,0
Rayo Vallecano,,,Spain,"#FFC400",,0,0,0,0
FC Thun,,,,"#808080",,10,0.200926,0.222718,24.222222
FC Winterthur,,,,"#808080",,10,0.211445,0.242832,0
FC Zürich U21,,,,"#808080",,0,0,0,0
M'gladbach II,,,,"#808080",,0,0,0,0
FC Sion,,,,"#808080",,12,0.177288,0.19708,0
GC Zürich U18,,,,"#808080",,11,0.188696,0.214427,0
Grasshoppers,,,,"#808080",,10,0.199449,0.223539,0
FC Luzern,,,Switzerland,"#FF0000",,11,0.226987,0.268287,0
FC Zürich,,,,"#808080",,10,0.221655,0.255828,0
FC Lugano,,,Switzerland,"#FF0000",,0,0,0,0
FC Augsburg,,,Germany,"#000000",,11,0.212389,0.241068,464.343669
FC Aarau,,,,"#808080",,0,0,0,0
Granada CF,,,,"#808080",,0,0,0,0
Independiente,,,,"#808080",,10,0.256944,0.311295,444
CS Emelec,,,,"#808080",,11,0.208373,0.238798,0
Dallas,,,,"#808080",,12,0.175896,0.193736,435
Barcelona SC,,,,"#808080",,10,0.207422,0.235467,0
LDU Quito,,,Ecuador,"#FFDD00",,12,0.203929,0.229646,0
Newell's,,,,"#808080",,0,0,0,0
Tigres UANL,,,,"#808080",,0,0,0,0
U. de Chile,,,,"#808080",,0,0,0,0
SD Aucas,,,Ecuador,"#FFDD00",,0,0,0,0
Boavista,,,,"#808080",,14,0.13605,0.147594,3
Manta FC,,,,"#808080",,0,0,0,0
Santos FC U20,,,,"#808080",,0,0,0,0
Uni. Católica,,,,"#808080",,12,0.200717,0.23125,0
CD Macará,,,,"#808080",,11,0.205152,0.231004,0
CA Talleres,,,,"#808080",,10,0.213583,0.238348,35.442227
Saipa FC,,,,"#808080",,12,0.166415,0.193731,0
Esteghlal FC,,,Iran,"#FFFFFF",,13,0.169914,0.191472,284.315834
Sepahan,,,,"#808080",,10,0.216567,0.243181,0
Persepolis,,,,"#808080",,12,0.145946,0.16551,1322.465152
NEC Nijmegen,,,,"#808080",,11,0.205492,0.235384,217
Damash Gilan,,,,"#808080",,12,0.171115,0.18984,0
OC Blues FC,,,,"#808080",,13,0.127873,0.141144,0
Panionios,,,,"#808080",,11,0.159325,0.173739,0
Al-Gharafa SC,,,Qatar,"#8D1B3D",,0,0,0,0
Al-Arabi SC,,,Qatar,"#8D1B3D",,13,0.127434,0.139483,0
Rah Ahan,,,,"#808080",,0,0,0,0
Terek Grozny,,,,"#808080",,0,0,0,0
Naft Tehran,,,,"#808080",,2,0.666667,0.75,0
Saba Battery,,,,"#808080",,14,0.145806,0.160589,0
Östersund,,,,"#808080",,0,0,0,0
Amiens SC,,,France,"#002395",,0,0,0,0
Syrianska FC,,,,"#808080",,0,0,0,0
Rostov,,,,"#808080",,0,0,0,0
Al-Ittihad Club,,,,"#808080",,12,0.172524,0.188961,229.033333
Ettifaq FC,,,Saudi Arabia,"#006C35",,13,0.147844,0.160185,454.033333
Al-Ahli SFC,,,,"#808080",,12,0.172222,0.188666,0
Al-Ahli U23,,,,"#808080",,0,0,0,0
Al-Raed,,,,"#808080",,0,0,0,0
Argentinos Jrs.,,,,"#808080",,13,0.175283,0.197923,0
Belgrano,,,,"#808080",,12,0.181894,0.201196,0
Indep'te U20,,,,"#808080",,0,0,0,0
Arsenal Res.,,,,"#808080",,0,0,0,0
Atl. Nacional,,,,"#808080",,10,0.20977,0.232857,0
Estudiantes,,,,"#808080",,10,0.218437,0.252286,0
Racing Club,,,,"#808080",,11,0.2382,0.280174,217
Defensa,,,,"#808080",,11,0.223022,0.255726,217
Newell's II,,,,"#808080",,12,0.183039,0.202452,0
Ferro,,,,"#808080",,12,0.193091,0.215491,0
Banfield,,,,"#808080",,11,0.205152,0.231004,0
Metalist,,,,"#808080",,11,0.198536,0.224834,116.759707
San Lorenzo,,,,"#808080",,10,0.217391,0.250036,220
Arsenal Sarandí,,,,"#808080",,11,0.179238,0.198248,0
Instituto AC,,,,"#808080",,12,0.186106,0.207631,0
Atlanta,,,,"#808080",,0,0,0,0
Rosario Central,,,,"#808080",,10,0.225806,0.255691,0
Górnik Zabrze,,,,"#808080",,9,0.259569,0.299623,217
Rozwój Katowice,,,,"#808080",,10,0.206831,0.227101,0
Krasnodar,,,,"#808080",,10,0.197441,0.219781,4537.168273
Lech Poznan,,,Poland,"#DC143C",,10,0.253801,0.296207,434
Akhmat Grozny,,,,"#808080",,1,1,1,442
Wisla Plock,,,,"#808080",,2,0.666667,0.75,883
Jagiellonia,,,,"#808080",,13,0.171701,0.201389,2248.082967
Loko Moscow,,,,"#808080",,11,0.165517,0.180265,4753.168273
Arka Gdynia U19,,,,"#808080",,0,0,0,0
Bordeaux U19,,,,"#808080",,0,0,0,0
MSK Zilina,,,,"#808080",,0,0,0,0
Podbrezova,,,,"#808080",,0,0,0,0
Anderlecht U21,,,,"#808080",,0,0,0,0
GKS Tychy,,,,"#808080",,0,0,0,0
Anderlecht U17,,,,"#808080",,0,0,0,0
Benevento,,,,"#808080",,10,0.173913,0.192198,142.851003
Piast Gliwice,,,,"#808080",,12,0.186106,0.207631,0
Ruch U19,,,,"#808080",,0,0,0,0
West Brom,,,,"#808080",,0,0,0,0
Sivasspor,,,,"#808080",,12,0.196542,0.222877,156.262485
Pogon Szczecin,,,Poland,"#DC143C",,10,0.197993,0.221072,0
PAOK Salonika,,,,"#808080",,13,0.143522,0.156712,23.494168
Derby,,,,"#808080",,0,0,0,0
Lech U19,,,,"#808080",,10,0.197993,0.221072,0
Cracovia,,,,"#808080",,12,0.181894,0.201196,217
Zaglebie Lubin,,,,"#808080",,13,0.1545,0.168132,0
L. Dzierzoniow,,,,"#808080",,0,0,0,0
Lubin II,,,,"#808080",,0,0,0,0
Udinese U19,,,,"#808080",,0,0,0,0
Znicz Pruszkow,,,,"#808080",,11,0.203169,0.224383,218
Legia II,,,,"#808080",,12,0.169505,0.183551,0
Legia Yth.,,,,"#808080",,0,0,0,0
Greuther Fürth,,,,"#808080",,12,0.175851,0.193611,0
SC Bastia,,,,"#808080",,12,0.198002,0.227674,0
Djurgården,,,,"#808080",,12,0.202993,0.232313,0
Steadfast FC,,,,"#808080",,1,1,1,0
Hammarby,,,,"#808080",,12,0.209865,0.239012,0
Leicester U21,,,,"#808080",,12,0.209459,0.238026,0
FC St. Gallen,,,,"#808080",,0,0,0,0
AS Trencin,,,,"#808080",,12,0.205298,0.230289,217
Accra Lions,,,,"#808080",,13,0.17098,0.187309,0
JS Kairouan,,,,"#808080",,2,0.6,0.666667,0
Esperance,,,,"#808080",,1,1,1,528.061649
CS Sfaxien,,,,"#808080",,11,0.208175,0.241247,219
Club Africain,,,,"#808080",,12,0.145709,0.165037,0
ES Sahel,,,,"#808080",,0,0,0,0
FC Voluntari,,,,"#808080",,0,0,0,0
Ferencváros,,,,"#808080",,0,0,0,0
Salernitana,,,,"#808080",,0,0,0,0
Chamois Niort,,,,"#808080",,12,0.205298,0.230289,0
ESS U19,,,,"#808080",,12,0.172956,0.192176,0
Monaco Youth,,,,"#808080",,0,0,0,0
Man Utd U18,,,,"#808080",,0,0,0,0
ACBB Youth,,,,"#808080",,0,0,0,0
Rosenborg,,,,"#808080",,0,0,0,0
Al-Wehda FC,,,Saudi Arabia,"#006C35",,0,0,0,0
Elfsborg,,,,"#808080",,0,0,0,0
Red Star FC,,,,"#808080",,11,0.20647,0.233291,0
El Mokawloon,,,,"#808080",,0,0,0,0
Zamalek,,,,"#808080",,0,0,0,0
Stade Gabèsien,,,,"#808080",,0,0,0,0
Al-Ain FC,,,,"#808080",,0,0,0,0
Stade Tunisien,,,,"#808080",,2,0.6,0.666667,0
Go Ahead Eagles,,,,"#808080",,0,0,0,0
Foggia,,,,"#808080",,0,0,0,0
Heerenveen U21,,,,"#808080",,0,0,0,0
SC Joure Yth.,,,,"#808080",,0,0,0,0
Heerenveen Yth,,,,"#808080",,0,0,0,0
Wasmeer Yth.,,,,"#808080",,0,0,0,0
Barendrecht U19,,,,"#808080",,0,0,0,0
Sparta U21,,,,"#808080",,0,0,0,0
Smitshoek U19,,,,"#808080",,0,0,0,0
SC Fey. Yth.,,,,"#808080",,0,0,0,0
Feyenoord Youth,,,,"#808080",,0,0,0,0
Foresters Yth.,,,,"#808080",,0,0,0,0
DZC '68 Yth.,,,,"#808080",,0,0,0,0
Graafschap Yth.,,,,"#808080",,0,0,0,0
Sparta R. U17,,,,"#808080",,0,0,0,0
ASWH Jugend,,,,"#808080",,0,0,0,0
Abcoude Yth.,,,,"#808080",,0,0,0,0
Sparta Youth,,,,"#808080",,0,0,0,0
Go Ahead U19,,,,"#808080",,0,0,0,0
WSV Yth.,,,,"#808080",,0,0,0,0
AGOVV Yth.,,,,"#808080",,0,0,0,0
ASC Waterw. Yth,,,,"#808080",,0,0,0,0
Feyenoord U19,,,,"#808080",,0,0,0,0
Willem II/RKC-19,,,,"#808080",,0,0,0,0
FC Groning. U21,,,,"#808080",,0,0,0,0
WDS '19 Jeugd,,,,"#808080",,0,0,0,0
Willem II/RKC Y.,,,,"#808080",,0,0,0,0
FC Emmen,,,,"#808080",,0,0,0,0
Willem II U21,,,,"#808080",,0,0,0,0
DETO,,,,"#808080",,0,0,0,0
Paris SG U19,,,,"#808080",,0,0,0,0
Tháder Youth,,,,"#808080",,0,0,0,0
Barça Youth,,,,"#808080",,0,0,0,0
B1913 Youth,,,,"#808080",,0,0,0,0
Naesby BK Youth,,,,"#808080",,0,0,0,0
Bröndby IF U17,,,,"#808080",,0,0,0,0
Notts County,,,,"#808080",,0,0,0,0
FCM Youth,,,,"#808080",,0,0,0,0
Esbjerg fB U19,,,,"#808080",,0,0,0,0
Esbjerg Youth,,,,"#808080",,0,0,0,0
FCK Youth,,,,"#808080",,0,0,0,0
Bröndby IF II,,,,"#808080",,0,0,0,0
Horsens Youth,,,,"#808080",,0,0,0,0
FC Juárez,,,Mexico,"#006847",,0,0,0,0
Houston,,,,"#808080",,0,0,0,0
SC Paderborn,,,,"#808080",,0,0,0,0
Darmstadt U19,,,,"#808080",,0,0,0,0
Spfr. Siegen,,,,"#808080",,0,0,0,0
TuS Koblenz U19,,,,"#808080",,0,0,0,0
Klein-Karb. Yth.,,,,"#808080",,0,0,0,0
TuS Koblenz U17,,,,"#808080",,0,0,0,0
FFM Berg Yth.,,,,"#808080",,0,0,0,0
Without Club,,,,"#808080",,0,0,0,0
SVZW U21,,,,"#808080",,0,0,0,0
R. Strasbourg B,,,,"#808080",,0,0,0,0
US Avranches,,,,"#808080",,0,0,0,0
Anderlecht Yth.,,,,"#808080",,0,0,0,0
KRC Genk Youth,,,,"#808080",,0,0,0,0
Dronten Yth.,,,,"#808080",,0,0,0,0
CD Numancia,,,,"#808080",,0,0,0,0
UD Melilla,,,,"#808080",,0,0,0,0
AD Ceuta U19,,,,"#808080",,0,0,0,0
UD Melilla Yout,,,,"#808080",,0,0,0,0
Alphense B. Jgd,,,,"#808080",,0,0,0,0
AS Valence,,,,"#808080",,0,0,0,0
Clermont B,,,,"#808080",,0,0,0,0
AFC Tubize,,,,"#808080",,0,0,0,0
RAEC Mons U19,,,,"#808080",,0,0,0,0
RAEC Mons Youth,,,,"#808080",,0,0,0,0
Zuidvogels Yth.,,,,"#808080",,0,0,0,0
Utrecht Youth,,,,"#808080",,0,0,0,0
Volos NPS,,,,"#808080",,0,0,0,0
Hosei Univ.,,,,"#808080",,0,0,0,0
High School (J),,,,"#808080",,0,0,0,0
Higashiyama HS,,,,"#808080",,0,0,0,0
YGU High School,,,,"#808080",,0,0,0,0
Matsumoto Yama.,,,,"#808080",,0,0,0,0
Chuo University,,,,"#808080",,0,0,0,0
Vegalta Sendai,,,,"#808080",,0,0,0,0
Aom. Yamada HS,,,,"#808080",,0,0,0,0
RKU,,,,"#808080",,0,0,0,0
Kanagawa Uni,,,,"#808080",,0,0,0,0
Ventforet Kofu,,,,"#808080",,0,0,0,0
Tsukuba Univ.,,,,"#808080",,0,0,0,0
Frontale U18,,,,"#808080",,0,0,0,0
Shonan Bellmare,,,Japan,"#BC002D",,0,0,0,0
Toin Univ.,,,,"#808080",,0,0,0,0
Kumamoto Ozu HS,,,,"#808080",,0,0,0,0
Gir. Kitakyushu,,,,"#808080",,0,0,0,0
Riseisha HS,,,,"#808080",,0,0,0,0
FC Tokyo U18,,,,"#808080",,0,0,0,0
Frontale Jgd.,,,,"#808080",,0,0,0,0
Yokkaichi CT HS,,,,"#808080",,0,0,0,0
Waseda Univ.,,,,"#808080",,0,0,0,0
Nagoya Grampus,,,Japan,"#BC002D",,0,0,0,0
Yowa Youth,,,,"#808080",,0,0,0,0
Meiji Uni,,,,"#808080",,0,0,0,0
Hig. Fukuoka HS,,,,"#808080",,0,0,0,0
Cagliari Calcio,,,,"#808080",,0,0,0,0
CA Atenas,,,,"#808080",,0,0,0,0
Mazatlán FC,,,,"#808080",,0,0,0,0
NK Istra,,,,"#808080",,0,0,0,0
C. Sesvete U17,,,,"#808080",,0,0,0,0
Dubrava Tk U17,,,,"#808080",,0,0,0,0
Fürstenf. U17,,,,"#808080",,0,0,0,0
TSV 1860 Yth.,,,,"#808080",,0,0,0,0
Fürstenf. Yth.,,,,"#808080",,0,0,0,0
Din. Zagreb U19,,,,"#808080",,0,0,0,0
Hajduk U19,,,,"#808080",,0,0,0,0
Parma FC Youth,,,,"#808080",,0,0,0,0
Sassuolo U19,,,,"#808080",,0,0,0,0
FC Tucson,,,,"#808080",,0,0,0,0
UC Riverside,,,,"#808080",,0,0,0,0
PA Classics,,,,"#808080",,0,0,0,0
B. Dortmund U17,,,,"#808080",,0,0,0,0
Miami,,,,"#808080",,0,0,0,0
Akron Zips,,,,"#808080",,0,0,0,0
Seattle Academy,,,,"#808080",,0,0,0,0
Crossfire Acad.,,,,"#808080",,0,0,0,0
Real Colorado,,,,"#808080",,0,0,0,0
NYCFC Academy,,,,"#808080",,0,0,0,0
B. Dortmund U19,,,,"#808080",,0,0,0,0
Schalke 04 II,,,,"#808080",,0,0,0,0
LA Galaxy Acad.,,,,"#808080",,0,0,0,0
NY Cosmos,,,,"#808080",,0,0,0,0
Stanford Card.,,,,"#808080",,0,0,0,0
San Diego Surf,,,,"#808080",,0,0,0,0
Fulham Youth,,,,"#808080",,0,0,0,0
S. Diego Nomads,,,,"#808080",,0,0,0,0
Fairfield Stags,,,,"#808080",,0,0,0,0
UCF Knights,,,,"#808080",,0,0,0,0
Almere City FC,,,,"#808080",,0,0,0,0
Atl. Levante,,,,"#808080",,0,0,0,0
Oviedo Vetusta,,,,"#808080",,0,0,0,0
Huracán,,,,"#808080",,0,0,0,0
St. Louis SG,,,,"#808080",,0,0,0,0
SLU Billikens,,,,"#808080",,0,0,0,0
NYRB Academy,,,,"#808080",,0,0,0,0
PSG Youth,,,,"#808080",,0,0,0,0
BW Gottschee,,,,"#808080",,0,0,0,0
Dallas Academy,,,,"#808080",,0,0,0,0
Schalke 04 U19,,,,"#808080",,0,0,0,0
Otterbach Jgd.,,,,"#808080",,0,0,0,0
Sheff Wed,,,,"#808080",,0,0,0,0
Viborg FF Youth,,,,"#808080",,0,0,0,0
Swansea Yth.,,,,"#808080",,0,0,0,0
AFC Wimbledon,,,England,"#FFFFFF",,0,0,0,0
Brentford Yth.,,,,"#808080",,0,0,0,0
Hull U18,,,,"#808080",,0,0,0,0
Swansea U18,,,,"#808080",,0,0,0,0
Swindon Town,,,England,"#FFFFFF",,0,0,0,0
Viking FK,,,,"#808080",,0,0,0,0
Yeovil Town,,,,"#808080",,0,0,0,0
Truro City FC,,,,"#808080",,0,0,0,0
Dorchester,,,,"#808080",,0,0,0,0
Bristol Rovers,,,,"#808080",,0,0,0,0
Cardiff City Yo,,,,"#808080",,0,0,0,0
Brist. Rov. U18,,,,"#808080",,0,0,0,0
CyD Leonesa,,,,"#808080",,0,0,0,0
LASK,,,,"#808080",,0,0,0,0
KAS Eupen U19,,,,"#808080",,0,0,0,0
ASPIRE Academy,,,,"#808080",,0,0,0,0
Al-Wakrah SC,,,Qatar,"#8D1B3D",,0,0,0,0
Júpiter Leonés,,,,"#808080",,0,0,0,0
Al-Ahli SC,,,Qatar,"#8D1B3D",,0,0,0,0
KAS Eupen,,,Belgium,"#FAE042",,0,0,0,0
Villarreal U19,,,,"#808080",,0,0,0,0
Zehlendorf Yth.,,,,"#808080",,0,0,0,0
Neuk. SF Yth.,,,,"#808080",,0,0,0,0
Tasmania Yth.,,,,"#808080",,0,0,0,0
Sperber Yth.,,,,"#808080",,0,0,0,0
Duisburg Yth.,,,,"#808080",,0,0,0,0
VfL Bochum U17,,,,"#808080",,0,0,0,0
Unterrath Yth.,,,,"#808080",,0,0,0,0
M'gladbach Yth.,,,,"#808080",,0,0,0,0
Grimlingh. Jgd.,,,,"#808080",,0,0,0,0
RW Ahlen Yth.,,,,"#808080",,0,0,0,0
Tennenbro. Yth.,,,,"#808080",,0,0,0,0
Freiburg Yth.,,,,"#808080",,0,0,0,0
SSV Buer Yth.,,,,"#808080",,0,0,0,0
Heßler 06 Yth.,,,,"#808080",,0,0,0,0
Schalke 04 Yth.,,,,"#808080",,0,0,0,0
Southampton Aca,,,,"#808080",,0,0,0,0
TSV Lehnerz Jgd.,,,,"#808080",,0,0,0,0
Hoffenheim U19,,,,"#808080",,0,0,0,0
B. Dortmund II,,,,"#808080",,0,0,0,0
FC Rot Yth.,,,,"#808080",,0,0,0,0
Hoffenheim Yth.,,,,"#808080",,0,0,0,0
Bösingen Yth.,,,,"#808080",,0,0,0,0
Stuttgart Yth.,,,,"#808080",,0,0,0,0
Oberneul. Yth.,,,,"#808080",,0,0,0,0
Wolfsburg U17,,,,"#808080",,0,0,0,0
Borgfeld Yth.,,,,"#808080",,0,0,0,0
Aachen Yth.,,,,"#808080",,0,0,0,0
Leverkusen Yth.,,,,"#808080",,0,0,0,0
Mariadorf Yth.,,,,"#808080",,0,0,0,0
Forstenried Jgd,,,,"#808080",,0,0,0,0
U'haching Yth.,,,,"#808080",,0,0,0,0
B. München Yth.,,,,"#808080",,0,0,0,0
SG Mettlach U17,,,,"#808080",,0,0,0,0
K'lautern U17,,,,"#808080",,0,0,0,0
SSV Bachem Yth.,,,,"#808080",,0,0,0,0
Mettlach Yth.,,,,"#808080",,0,0,0,0
Brotdorf Yth.,,,,"#808080",,0,0,0,0
WSV Bochum Yth.,,,,"#808080",,0,0,0,0
VfL Bochum Yth.,,,,"#808080",,0,0,0,0
Schalke 04 U17,,,,"#808080",,0,0,0,0
Wattensch. Yth.,,,,"#808080",,0,0,0,0
SSV Hagen Yth.,,,,"#808080",,0,0,0,0
Gevelsberg Yth.,,,,"#808080",,0,0,0,0
Hombr. SV Yth.,,,,"#808080",,0,0,0,0
Dortmund Yth.,,,,"#808080",,0,0,0,0
Ronsberg Yth.,,,,"#808080",,0,0,0,0
SC March Yth.,,,,"#808080",,0,0,0,0
Ricklingen Yth.,,,,"#808080",,0,0,0,0
W. Bremen Yth.,,,,"#808080",,0,0,0,0
TuS Rickl. Yth.,,,,"#808080",,0,0,0,0
VfR Aalen U17,,,,"#808080",,0,0,0,0
Karlsruhe U17,,,,"#808080",,0,0,0,0
S. Kickers Yth.,,,,"#808080",,0,0,0,0
Weinstadt Yth.,,,,"#808080",,0,0,0,0
Darmstadt Yth.,,,,"#808080",,0,0,0,0
Frankfurt Yth.,,,,"#808080",,0,0,0,0
Walldorf Yth.,,,,"#808080",,0,0,0,0
Feuerbach Jug.,,,,"#808080",,0,0,0,0
Ditzingen Yth.,,,,"#808080",,0,0,0,0
GSV Hemm. Jgd.,,,,"#808080",,0,0,0,0
Weissach Yth.,,,,"#808080",,0,0,0,0
Reutlingen Yth.,,,,"#808080",,0,0,0,0
Tübingen Yth.,,,,"#808080",,0,0,0,0
TSV Pähl Yth.,,,,"#808080",,0,0,0,0
St. Pauli Yth.,,,,"#808080",,0,0,0,0
Red Storm,,,,"#808080",,0,0,0,0
Demon Deacons,,,,"#808080",,0,0,0,0
Vaughan Azzurri,,,,"#808080",,0,0,0,0
ANB Futbol,,,,"#808080",,0,0,0,0
Aurora FC,,,,"#808080",,0,0,0,0
Lakeshore SC,,,,"#808080",,0,0,0,0
Toronto Lynx,,,,"#808080",,0,0,0,0
Sigma Academy,,,,"#808080",,0,0,0,0
UConn Huskies,,,,"#808080",,0,0,0,0
St. Johnstone,,,,"#808080",,0,0,0,0
Celtic U17,,,,"#808080",,0,0,0,0
Hibernian FC U20,,,,"#808080",,0,0,0,0
St. Johnst. Yth,,,,"#808080",,0,0,0,0
Celtic Youth,,,,"#808080",,0,0,0,0
Javor-Matis,,,,"#808080",,0,0,0,0
VfR Neumünster,,,,"#808080",,0,0,0,0
VfB Lübeck,,,,"#808080",,0,0,0,0
Unionville,,,,"#808080",,0,0,0,0
VfB Lübeck U19,,,,"#808080",,0,0,0,0
Spartacus SC,,,,"#808080",,0,0,0,0
Saint-Laurent,,,,"#808080",,0,0,0,0
Ottawa ISC,,,,"#808080",,0,0,0,0
SC Toronto,,,,"#808080",,0,0,0,0
TFC Academy,,,,"#808080",,0,0,0,0
KMSK Deinze,,,Belgium,"#FAE042",,0,0,0,0
Toronto FC II,,,,"#808080",,0,0,0,0
York Lions,,,,"#808080",,0,0,0,0
Ludogorets,,,,"#808080",,0,0,0,0
Radnicki Nis,,,,"#808080",,0,0,0,0
Deportivo B,,,,"#808080",,0,0,0,0
Düsseldorf II,,,,"#808080",,0,0,0,0
FC Metz U19,,,,"#808080",,0,0,0,0
Düsseldorf U19,,,,"#808080",,0,0,0,0
Moreirense,,,,"#808080",,0,0,0,0
Syracuse,,,,"#808080",,0,0,0,0
Mississauga F.,,,,"#808080",,0,0,0,0
Radnicki Obrenovac,,,,"#808080",,0,0,0,0
Olympiacos U17,,,,"#808080",,0,0,0,0
Real Nis U17,,,,"#808080",,0,0,0,0
Újpest FC,,,,"#808080",,0,0,0,0
FC Basel U16,,,,"#808080",,0,0,0,0
Spurs U18,,,,"#808080",,0,0,0,0
Verona U19,,,,"#808080",,0,0,0,0
Academia Hagi,,,,"#808080",,0,0,0,0
Partizan U17,,,,"#808080",,0,0,0,0
GAK Youth,,,,"#808080",,0,0,0,0
Vojvodina U15,,,,"#808080",,0,0,0,0
Banja Luka Yth,,,,"#808080",,0,0,0,0
Zbrojovka Brno,,,,"#808080",,0,0,0,0
Metalac,,,,"#808080",,0,0,0,0
Petrzalka,,,,"#808080",,0,0,0,0
Rad U19,,,,"#808080",,0,0,0,0
FK Rad Youth,,,,"#808080",,0,0,0,0
Red Star U15,,,,"#808080",,0,0,0,0
Pau FC U19,,,,"#808080",,0,0,0,0
Paris SG U17,,,,"#808080",,0,0,0,0
Créteil Youth,,,,"#808080",,0,0,0,0
Man City Youth,,,,"#808080",,0,0,0,0
UF Mâcon,,,,"#808080",,0,0,0,0
Real Sociedad Y,,,,"#808080",,0,0,0,0
Paris FC B,,,,"#808080",,0,0,0,0
Stade Reims B,,,,"#808080",,0,0,0,0
Évreux Jugend,,,,"#808080",,0,0,0,0
Paris FC Youth,,,,"#808080",,0,0,0,0
FC Sochaux U19,,,,"#808080",,0,0,0,0
Clairef. Yth.,,,,"#808080",,0,0,0,0
AS Bondy Youth,,,,"#808080",,0,0,0,0
FC Lorient U19,,,,"#808080",,0,0,0,0
Rennes Jugend,,,,"#808080",,0,0,0,0
US Torcy Yth.,,,,"#808080",,0,0,0,0
FC Nantes U19,,,,"#808080",,0,0,0,0
Montfermeil U17,,,,"#808080",,0,0,0,0
St-Étienne U17,,,,"#808080",,0,0,0,0
JA Drancy U19,,,,"#808080",,0,0,0,0
Andorinha Yth.,,,,"#808080",,0,0,0,0
Nacional Yth.,,,,"#808080",,0,0,0,0
Benfica U19,,,,"#808080",,0,0,0,0
Estoril U19,,,,"#808080",,0,0,0,0
Marítimo U19,,,,"#808080",,0,0,0,0
Merelinense Y19,,,,"#808080",,0,0,0,0
Palmeiras U17,,,,"#808080",,0,0,0,0
Merelinense S17,,,,"#808080",,0,0,0,0
Padroense U17,,,,"#808080",,0,0,0,0
Benfica U17,,,,"#808080",,0,0,0,0
Alagoano U19,,,,"#808080",,0,0,0,0
Marítimo B,,,,"#808080",,0,0,0,0
Sevilla FC Yth.,,,,"#808080",,0,0,0,0
Bayonne U19,,,,"#808080",,0,0,0,0
Bilbao U19,,,,"#808080",,0,0,0,0
Barça U18,,,,"#808080",,0,0,0,0
Din. Zagreb II,,,,"#808080",,0,0,0,0
Espanyol Youth,,,,"#808080",,0,0,0,0
Real Betis Yth.,,,,"#808080",,0,0,0,0
R.Madrid Yth.,,,,"#808080",,0,0,0,0
CA Osasuna Yout,,,,"#808080",,0,0,0,0
Bilbao Youth,,,,"#808080",,0,0,0,0
Cartagena FC,,,,"#808080",,0,0,0,0
Levante UD Yout,,,,"#808080",,0,0,0,0
Atl. Madrid U17,,,,"#808080",,0,0,0,0
Las Palmas Yth.,,,,"#808080",,0,0,0,0
CD Roda Youth,,,,"#808080",,0,0,0,0
Getafe CF Youth,,,,"#808080",,0,0,0,0
Real Madrid U18,,,,"#808080",,0,0,0,0
AD Carmelita,,,,"#808080",,0,0,0,0
Alajuelense U20,,,,"#808080",,0,0,0,0
Salt Lake,,,,"#808080",,0,0,0,0
Guadalupe FC,,,,"#808080",,0,0,0,0
AIK,,,,"#808080",,0,0,0,0
Cartaginés,,,,"#808080",,0,0,0,0
Colorado 2,,,,"#808080",,0,0,0,0
Limón FC,,,,"#808080",,0,0,0,0
Pérez Zeledón,,,,"#808080",,0,0,0,0
San Jacinto,,,,"#808080",,0,0,0,0
Jacó Rays,,,,"#808080",,0,0,0,0
Grecia,,,,"#808080",,0,0,0,0
Gen. Saprissa,,,,"#808080",,0,0,0,0
CS Uruguay,,,,"#808080",,0,0,0,0
Real Unión,,,,"#808080",,0,0,0,0
CD Lugo,,,Spain,"#FFC400",,0,0,0,0
Limón U20,,,,"#808080",,0,0,0,0
Saprissa U20,,,,"#808080",,0,0,0,0
GD Ribeirão,,,,"#808080",,0,0,0,0
Paulínia Futebol Clube (SP),,,,"#808080",,0,0,0,0
RS Futebol,,,,"#808080",,0,0,0,0
Portuguesa,,,,"#808080",,0,0,0,0
Botafogo-SP,,,,"#808080",,0,0,0,0
Standard U21,,,,"#808080",,0,0,0,0
KRC Genk U21,,,,"#808080",,0,0,0,0
Standard U17,,,,"#808080",,0,0,0,0
KRC Genk U19,,,,"#808080",,0,0,0,0
Lommel SK Yth,,,,"#808080",,0,0,0,0
GBA Youth,,,,"#808080",,0,0,0,0
Ajax U17,,,,"#808080",,0,0,0,0
KAA Gent Youth,,,,"#808080",,0,0,0,0
RE Virton U19,,,,"#808080",,0,0,0,0
Tubize Yth.,,,,"#808080",,0,0,0,0
RC Lens U19,,,,"#808080",,0,0,0,0
RE Virton U17,,,,"#808080",,0,0,0,0
Lierse SK Yth.,,,,"#808080",,0,0,0,0
Korea University,,,,"#808080",,0,0,0,0
Dankook Univ,,,,"#808080",,0,0,0,0
Seongnam Ilhwa,,,,"#808080",,0,0,0,0
Gwangju Uni,,,,"#808080",,0,0,0,0
Pohang St. U18,,,,"#808080",,0,0,0,0
FC Liefering,,,,"#808080",,0,0,0,0
Yukminkwan MS,,,,"#808080",,0,0,0,0
Hamburg U17,,,,"#808080",,0,0,0,0
Sun Moon Uni.,,,,"#808080",,0,0,0,0
Kyung Hee Univ.,,,,"#808080",,0,0,0,0
Shingal HS,,,,"#808080",,0,0,0,0
FC Seoul,,,South Korea,"#030303",,0,0,0,0
Yeungnam Uni,,,,"#808080",,0,0,0,0
Pohang St. Yth.,,,,"#808080",,0,0,0,0
Yonsei Univ.,,,,"#808080",,0,0,0,0
Gyeongju KHNP,,,,"#808080",,0,0,0,0
Chungju CHS,,,,"#808080",,0,0,0,0
Chung-Ang Uni,,,,"#808080",,0,0,0,0
CF Peralada,,,,"#808080",,0,0,0,0
Ulsan Univ.,,,,"#808080",,0,0,0,0
Kyoto Sanga,,,,"#808080",,0,0,0,0
Jeonju Uni,,,,"#808080",,0,0,0,0
Brighton U18,,,,"#808080",,0,0,0,0
West Ham Yth.,,,,"#808080",,0,0,0,0
Ipswich U18,,,,"#808080",,0,0,0,0
Bury Town,,,,"#808080",,0,0,0,0
Eto'o Academy,,,,"#808080",,0,0,0,0
HN S. Longmen,,,,"#808080",,0,0,0,0
SH Shenhua,,,,"#808080",,0,0,0,0
Wilmington,,,,"#808080",,0,0,0,0
AS Nancy,,,,"#808080",,0,0,0,0
Union Douala,,,,"#808080",,0,0,0,0
FC Bamenda,,,,"#808080",,0,0,0,0
PAS Lamia,,,,"#808080",,0,0,0,0
APO Levadiakos,,,,"#808080",,0,0,0,0
SAS Epinal,,,,"#808080",,0,0,0,0
Lorient B,,,,"#808080",,0,0,0,0
CD Guijuelo,,,,"#808080",,0,0,0,0
RC Lens B,,,,"#808080",,0,0,0,0
Altona 93 Yth.,,,,"#808080",,0,0,0,0
Ottensen Yth.,,,,"#808080",,0,0,0,0
Marseille B,,,,"#808080",,0,0,0,0
Coton Sport FC,,,,"#808080",,0,0,0,0
Anzhi,,,,"#808080",,0,0,0,0
Zorya Lugansk,,,,"#808080",,0,0,0,0
Akademia Loko,,,,"#808080",,0,0,0,0
CSKA Moscow II,,,,"#808080",,0,0,0,0
FC Nantes U17,,,,"#808080",,0,0,0,0
San Diego Loyal,,,,"#808080",,0,0,0,0
Aris Saloniki,,,,"#808080",,0,0,0,0
Le Havre U17,,,,"#808080",,0,0,0,0
Alcobendas CF,,,,"#808080",,0,0,0,0
Atl. Madrid U19,,,,"#808080",,0,0,0,0
Best Stars,,,,"#808080",,0,0,0,0
Valenciennes FC,,,,"#808080",,0,0,0,0
Western Sydney,,,,"#808080",,0,0,0,0
Gron./Cam. U19,,,,"#808080",,0,0,0,0
AKA Austria U16,,,,"#808080",,0,0,0,0
Nottingham Yth.,,,,"#808080",,0,0,0,0
Sydney FC,,,Australia,"#00008B",,0,0,0,0
FFA C. of Excel,,,,"#808080",,0,0,0,0
Cádiz CF,,,Spain,"#FFC400",,0,0,0,0
Giresunspor,,,,"#808080",,0,0,0,0
Wellington P.,,,,"#808080",,0,0,0,0
West Sydney U21,,,,"#808080",,0,0,0,0
Sydney FC U21,,,,"#808080",,0,0,0,0
Melbourne,,,,"#808080",,0,0,0,0
Perth Glory,,,,"#808080",,0,0,0,0
Brisbane Roar,,,,"#808080",,0,0,0,0
Blackburn U21,,,,"#808080",,0,0,0,0
Hearts FC U17,,,,"#808080",,0,0,0,0
Hutchison Vale BC,,,,"#808080",,0,0,0,0
St. Mirren,,,,"#808080",,0,0,0,0
Columbus,,,,"#808080",,0,0,0,0
1860 Munich,,,,"#808080",,0,0,0,0
Stuttgart II,,,,"#808080",,0,0,0,0
Al-Taawoun FC,,,,"#808080",,0,0,0,0
Pl.Vallée,,,,"#808080",,0,0,0,0
Jura Sud,,,,"#808080",,0,0,0,0
FC Brüssel,,,,"#808080",,0,0,0,0
Caucriauville,,,,"#808080",,0,0,0,0
AS Cherbourg,,,,"#808080",,0,0,0,0
Alanyaspor,,,Turkey,"#E30A17",,0,0,0,0
Paris SG B,,,,"#808080",,0,0,0,0
LOSC Lille B,,,,"#808080",,0,0,0,0
Boreham W. U19,,,,"#808080",,0,0,0,0
Sheff Utd U21,,,,"#808080",,0,0,0,0
Bliesheim Jgd.,,,,"#808080",,0,0,0,0
1.FC Köln Yth.,,,,"#808080",,0,0,0,0
Génération Foot,,,,"#808080",,0,0,0,0
SR Saint-Dié,,,,"#808080",,0,0,0,0
FC Metz B,,,,"#808080",,0,0,0,0
Metz Youth,,,,"#808080",,0,0,0,0
MSV Duisburg,,,,"#808080",,0,0,0,0
Old Boys Youth,,,,"#808080",,0,0,0,0
FC Basel Yth.,,,,"#808080",,0,0,0,0
Nordstern Jgd.,,,,"#808080",,0,0,0,0
FC Thalwil,,,,"#808080",,0,0,0,0
Red Star ZH,,,,"#808080",,0,0,0,0
FCC Basel Yth.,,,,"#808080",,0,0,0,0
SC Kriens,,,,"#808080",,0,0,0,0
Stuttgart U16,,,,"#808080",,0,0,0,0
Dinslaken Yth.,,,,"#808080",,0,0,0,0
FC Solothurn,,,,"#808080",,0,0,0,0
SC Schöftland,,,,"#808080",,0,0,0,0
Aarau U16,,,,"#808080",,0,0,0,0
Cerro Largo,,,,"#808080",,0,0,0,0
Deportes Tolima,,,,"#808080",,0,0,0,0
Trofense,,,,"#808080",,0,0,0,0
CSD del Valle,,,,"#808080",,0,0,0,0
LDU de Loja,,,,"#808080",,0,0,0,0
Dep. Cuenca,,,,"#808080",,0,0,0,0
Shabab Dubai,,,,"#808080",,0,0,0,0
F. Yazd,,,,"#808080",,0,0,0,0
Kayserispor,,,Turkey,"#E30A17",,0,0,0,0
Damash Teh,,,,"#808080",,0,0,0,0
Damash U19,,,,"#808080",,0,0,0,0
Ponferradina,,,,"#808080",,0,0,0,0
Barreirense,,,,"#808080",,0,0,0,0
Unknown,,,,"#808080",,0,0,0,0
London Tigers,,,,"#808080",,0,0,0,0
Tractor,,,,"#808080",,0,0,0,0
Tractor Sazi,,,,"#808080",,0,0,0,0
Bargh Shiraz FC,,,,"#808080",,0,0,0,0
Machine Sazi,,,,"#808080",,0,0,0,0
Malavan,,,,"#808080",,0,0,0,0
Esteghlal Mash,,,,"#808080",,0,0,0,0
Omonia Nikosia,,,,"#808080",,0,0,0,0
Al-Sailiya SC,,,,"#808080",,0,0,0,0
Saipa FC U21,,,,"#808080",,0,0,0,0
Iranjavan FC,,,,"#808080",,0,0,0,0
Shahin Bushehr,,,,"#808080",,0,0,0,0
Niroye Zam U21,,,,"#808080",,0,0,0,0
DamashU19,,,,"#808080",,0,0,0,0
SZ FC,,,,"#808080",,0,0,0,0
Ehsan Rey U19,,,,"#808080",,0,0,0,0
PAS Tehran U17,,,,"#808080",,0,0,0,0
Paykan FC,,,,"#808080",,0,0,0,0
Al-Shahania SC,,,,"#808080",,0,0,0,0
C. Rizespor,,,,"#808080",,0,0,0,0
Umm Salal SC,,,,"#808080",,0,0,0,0
Vejle BK,,,,"#808080",,0,0,0,0
Atl. Madrid C,,,,"#808080",,0,0,0,0
Trelleborg,,,,"#808080",,0,0,0,0
Bunkeflo,,,,"#808080",,0,0,0,0
Sepahan FC U19,,,,"#808080",,0,0,0,0
Rubin Kazan II,,,,"#808080",,0,0,0,0
Etka Youth,,,,"#808080",,0,0,0,0
Sepahan FC U17,,,,"#808080",,0,0,0,0
Al-Faisaly FC,,,,"#808080",,0,0,0,0
Al-Adalah FC,,,,"#808080",,0,0,0,0
Al-Fateh,,,Saudi Arabia,"#006C35",,0,0,0,0
Newell's Youth,,,,"#808080",,0,0,0,0
Boca Juniors II,,,,"#808080",,0,0,0,0
Wa. Poznan U17,,,,"#808080",,0,0,0,0
GKS Belchatow,,,,"#808080",,0,0,0,0
Stal U19,,,,"#808080",,0,0,0,0
Real Madrid C,,,,"#808080",,0,0,0,0
UD Horadada,,,,"#808080",,0,0,0,0
Silesia Lubomia,,,,"#808080",,0,0,0,0
WSP Wodzislaw,,,,"#808080",,0,0,0,0
Delta Warszawa,,,,"#808080",,0,0,0,0
TOP 54 B.P. U19,,,,"#808080",,0,0,0,0
Gwarek Zabrze,,,,"#808080",,0,0,0,0
Dreams FC,,,,"#808080",,0,0,0,0
Wehen Wiesbaden,,,,"#808080",,0,0,0,0
TSV Havelse,,,,"#808080",,0,0,0,0
TSV Havelse U19,,,,"#808080",,0,0,0,0
Braunschw. Yth.,,,,"#808080",,0,0,0,0
SC Gitter Jgd.,,,,"#808080",,0,0,0,0
OH Leuven U19,,,,"#808080",,0,0,0,0
TUFA,,,,"#808080",,0,0,0,0
Right to Dream,,,,"#808080",,0,0,0,0
African Talent,,,,"#808080",,0,0,0,0
Valladolid U19,,,,"#808080",,0,0,0,0
Sfax Railways,,,,"#808080",,0,0,0,0
Akademisk BK,,,,"#808080",,0,0,0,0
Bröndby IF U19,,,,"#808080",,0,0,0,0
Al-Batin FC,,,,"#808080",,0,0,0,0
Kuwait SC,,,,"#808080",,0,0,0,0
Cannes,,,,"#808080",,0,0,0,0
Y. Malatyaspor,,,,"#808080",,0,0,0,0
PSV Freib. Yth.,,,,"#808080",,0,0,0,0
KVC Westerlo,,,,"#808080",,0,0,0,0
AC Arles,,,,"#808080",,0,0,0,0
JA Drancy,,,,"#808080",,0,0,0,0
CS Sedan,,,,"#808080",,0,0,0,0
Tanta SC,,,,"#808080",,0,0,0,0
Atromitos Athen,,,Greece,"#0D5EAF",,0,0,0,0
ES Sahel U21,,,,"#808080",,0,0,0,0
AS Ariana,,,,"#808080",,0,0,0,0
ES Metlaoui,,,,"#808080",,0,0,0,0
FC Dordrecht,,,,,,0,0,0,0
PSV U19,,,,,,0,0,0,0
Sparta U19,,,,,,0,0,0,0
FC Twente U21,,,,,,0,0,0,0
AZ Alkmaar U21,,,,,,0,0,0,0
Gron./Cam. U21,,,,,,0,0,0,0
Chelsea U21,,,,,,0,0,0,0
Nordsjaell. U19,,,,,,0,0,0,0
Copenhagen U19,,,,,,0,0,0,0
Man City Res.,,,,,,0,0,0,0
Falkirk,,,,,,0,0,0,0
Bury,,,,,,0,0,0,0
Darlington,,,,,,0,0,0,0
Monterrey II,,,,,,0,0,0,0
CD Toledo,,,,,,0,0,0,0
Monterrey U20,,,,,,0,0,0,0
CF América U20,,,,,,0,0,0,0
Pachuca II,,,,,,0,0,0,0
Tampico Madero,,,,,,0,0,0,0
CF Pachuca U20,,,,,,0,0,0,0
UNAM II,,,,,,0,0,0,0
Cremonese,,,,,,0,0,0,0
Querétaro II,,,,,,0,0,0,0
Eskisehirspor,,,,,,0,0,0,0
Los Angeles,,,,,,0,0,0,0
Nuremberg II,,,,,,0,0,0,0
WAC Reserve,,,,,,0,0,0,0
Ittihad Tanger,,,,,,0,0,0,0
RS Berkane,,,,,,0,0,0,0
Wydad Fes,,,,,,0,0,0,0
Raja Cas. U23,,,,,,0,0,0,0
Jong Genk,,,,,,0,0,0,0
Real Zaragoza,,,,,,0,0,0,0
Barça Atlètic,,,,,,0,0,0,0
Stevenage,,,,,,0,0,0,0
QPR U21,,,,,,0,0,0,0
Lierse SK U21,,,,,,0,0,0,0
Perugia,,,,,,0,0,0,0
Utrecht U21,,,,,,0,0,0,0
Mantova,,,,,,0,0,0,0
Lecco,,,,,,0,0,0,0
Arezzo,,,,,,0,0,0,0
Hassania,,,,,,0,0,0,0
A. Malagueño,,,,,,0,0,0,0
Mito HollyHock,,,,,,0,0,0,0
Roasso Kumamoto,,,,,,0,0,0,0
Júbilo U18,,,,,,0,0,0,0
Mogi Mirim,,,,,,0,0,0,0
Union SG,,,,,,0,0,0,0
Arm. Bielefeld,,,,,,0,0,0,0
SV Horn,,,,,,0,0,0,0
Alavés,,,,,,0,0,0,0
CA Peñarol U19,,,,,,0,0,0,0
Recr. Huelva,,,,,,0,0,0,0
Empoli,,,,,,0,0,0,0
Central,,,,,,0,0,0,0
Morelia,,,,,,0,0,0,0
Monarcas Morelia,,,,,,0,0,0,0
NK Radnik,,,,,,0,0,0,0
Virtus Entella,,,,,,0,0,0,0
Reggiana,,,,,,0,0,0,0
Varese,,,,,,0,0,0,0
KSV Roeselare,,,,,,0,0,0,0
Prato,,,,,,0,0,0,0
Inter U19,,,,,,0,0,0,0
Spartak Moscow,,,,,,0,0,0,0
Elche CF,,,,,,0,0,0,0
Südtirol,,,,,,0,0,0,0
NK Celje,,,,,,0,0,0,0
NY Red Bulls II,,,,,,0,0,0,0
Ph. Union Acad.,,,,,,0,0,0,0
Bethlehem Steel,,,,,,0,0,0,0
Luton,,,,,,0,0,0,0
SV Sandhausen,,,,,,0,0,0,0
Roughnecks FC,,,,,,0,0,0,0
W. Bremen II,,,,,,0,0,0,0
Richmond,,,,,,0,0,0,0
Reus Deportiu,,,,,,0,0,0,0
Swansea U21,,,,,,0,0,0,0
Aberdeen FC,,,,,,0,0,0,0
Morecambe FC,,,,,,0,0,0,0
Man Utd U23,,,,,,0,0,0,0
Venezia,,,,,,0,0,0,0
Crewe Alexandra,,,,,,0,0,0,0
Portsmouth,,,,,,0,0,0,0
MK Dons,,,,,,0,0,0,0
Rotherham,,,,,,0,0,0,0
Torquay,,,,,,0,0,0,0
Doncaster,,,,,,0,0,0,0
Sporting Gijón,,,,,,0,0,0,0
KAS Eupen U21,,,,,,0,0,0,0
Celta U19,,,,,,0,0,0,0
Golden Lions SA,,,,,,0,0,0,0
Astorga,,,,,,0,0,0,0
Gr. Fürth U19,,,,,,0,0,0,0
Leverkusen U17,,,,,,0,0,0,0
M'gladbach U19,,,,,,0,0,0,0
SC Freiburg II,,,,,,0,0,0,0
Hoffenheim II,,,,,,0,0,0,0
Zulte Waregem,,,,,,0,0,0,0
San Antonio FC,,,,,,0,0,0,0
Forward Madison,,,,,,0,0,0,0
Panetolikos,,,,,,0,0,0,0
Roda JC,,,,,,0,0,0,0
Scunthorpe Utd.,,,,,,0,0,0,0
Valour FC,,,,,,0,0,0,0
Blackburn Res.,,,,,,0,0,0,0
Juventud,,,,,,0,0,0,0
Korona Kielce,,,,,,0,0,0,0
FC Vaslui,,,,,,0,0,0,0
Rad,,,,,,0,0,0,0
Orlando City B,,,,,,0,0,0,0
IFK Göteborg,,,,,,0,0,0,0
SC Covilhã,,,,,,0,0,0,0
Olhanense,,,,,,0,0,0,0
Partizan U19,,,,,,0,0,0,0
FK Zemun,,,,,,0,0,0,0
Čukarički,,,,,,0,0,0,0
Vojvodina U19,,,,,,0,0,0,0
Graficar,,,,,,0,0,0,0
OGC Nice B,,,,,,0,0,0,0
US Boulogne,,,,,,0,0,0,0
FC Porto B,,,,,,0,0,0,0
Benfica U23,,,,,,0,0,0,0
Benfica B,,,,,,0,0,0,0
FC Porto U19,,,,,,0,0,0,0
Sporting B,,,,,,0,0,0,0
Belenenses,,,,,,0,0,0,0
Bilbao Athletic,,,,,,0,0,0,0
Valencia U19,,,,,,0,0,0,0
Gimnàstic,,,,,,0,0,0,0
RCD Mallorca B,,,,,,0,0,0,0
Real Madrid U19,,,,,,0,0,0,0
Villarreal CF B,,,,,,0,0,0,0
CD Basconia,,,,,,0,0,0,0
Guanacasteca,,,,,,0,0,0,0
La U,,,,,,0,0,0,0
Retired,,,,,,0,0,0,0
AD San Carlos,,,,,,0,0,0,0
Belén FC,,,,,,0,0,0,0
Puntarenas FC,,,,,,0,0,0,0
Millonarios,,,,,,0,0,0,0
Celta Vigo B,,,,,,0,0,0,0
PZ U20,,,,,,0,0,0,0
Herediano U20,,,,,,0,0,0,0
Inter B,,,,,,0,0,0,0
América-RN,,,,,,0,0,0,0
Oeste FC-SP,,,,,,0,0,0,0
RKC Waalwijk,,,,,,0,0,0,0
Anderlecht U19,,,,,,0,0,0,0
OH Leuven,,,,,,0,0,0,0
Excelsior,,,,,,0,0,0,0
Gimcheon Sangmu,,,,,,0,0,0,0
Sangju Sangmu,,,,,,0,0,0,0
Asan Mugunghwa,,,,,,0,0,0,0
Gyeongnam FC,,,,,,0,0,0,0
CQ Dangdai Lif.,,,,,,0,0,0,0
GuaZ FC Res.,,,,,,0,0,0,0
Chesterfield FC,,,,,,0,0,0,0
Coventry U21,,,,,,0,0,0,0
Tamworth,,,,,,0,0,0,0
Kettering,,,,,,0,0,0,0
Barnsley U18,,,,,,0,0,0,0
Preston,,,,,,0,0,0,0
Bradford,,,,,,0,0,0,0
Carlisle United,,,,,,0,0,0,0
Troyes B,,,,,,0,0,0,0
AS Nancy B,,,,,,0,0,0,0
Hamburg U19,,,,,,0,0,0,0
Carquefou,,,,,,0,0,0,0
MFK Vyskov,,,,,,0,0,0,0
Kansas City II,,,,,,0,0,0,0
Karpaty,,,,,,0,0,0,0
Tacoma Defiance,,,,,,0,0,0,0
Sounders FC 2,,,,,,0,0,0,0
Union II,,,,,,0,0,0,0
Man City U21,,,,,,0,0,0,0
Extremadura,,,,,,0,0,0,0
KV Mechelen,,,,,,0,0,0,0
Groningen U21,,,,,,0,0,0,0
Melbourne Heart,,,,,,0,0,0,0
Kasimpasa,,,,,,0,0,0,0
Adelaide U21,,,,,,0,0,0,0
Hume City FC,,,,,,0,0,0,0
Melb. Vic. U21,,,,,,0,0,0,0
Heart of Midl.,,,,,,0,0,0,0
C. Coast U21,,,,,,0,0,0,0
Fleetwood,,,,,,0,0,0,0
Kilmarnock FC,,,,,,0,0,0,0
Dundee FC,,,,,,0,0,0,0
Shrewsbury,,,,,,0,0,0,0
Peterborough,,,,,,0,0,0,0
Blacktown City,,,,,,0,0,0,0
Fagiano Okayama,,,,,,0,0,0,0
AS Avellino,,,,,,0,0,0,0
Torino U19,,,,,,0,0,0,0
Club NXT,,,,,,0,0,0,0
AF Darou Salam,,,,,,0,0,0,0
1.FC Köln II,,,,,,0,0,0,0
1.FC Köln U19,,,,,,0,0,0,0
Pau FC,,,,,,0,0,0,0
CD Mirandés,,,,,,0,0,0,0
Le Havre B,,,,,,0,0,0,0
União Madeira,,,,,,0,0,0,0
Hampton & Rich.,,,,,,0,0,0,0
Whitehawk,,,,,,0,0,0,0
Luzern U21,,,,,,0,0,0,0
FC Basel U21,,,,,,0,0,0,0
FC Tuggen,,,,,,0,0,0,0
FC Sion U21,,,,,,0,0,0,0
BSC YB U21,,,,,,0,0,0,0
BSC YB U18,,,,,,0,0,0,0
FC Wil 1900,,,,,,0,0,0,0
Lecce,,,,,,0,0,0,0
Neuchâtel Xamax,,,,,,0,0,0,0
Le Mont LS,,,,,,0,0,0,0
GC Zürich U21,,,,,,0,0,0,0
Winterthur U21,,,,,,0,0,0,0
FC Vaduz,,,,,,0,0,0,0
Independiente B,,,,,,0,0,0,0
CA Colon,,,,,,0,0,0,0
Independ. U20,,,,,,0,0,0,0
Dorados Sinaloa,,,,,,0,0,0,0
Galácticos FC,,,,,,0,0,0,0
LDU Portoviejo,,,,,,0,0,0,0
Rangers Talca,,,,,,0,0,0,0
Quilmes,,,,,,0,0,0,0
CD América,,,,,,0,0,0,0
Imbabura SC,,,,,,0,0,0,0
D.C. United,,,,,,0,0,0,0
CD El Nacional,,,,,,0,0,0,0
CS Patria,,,,,,0,0,0,0
Beerschot V.A.,,,,,,0,0,0,0
LDU Quito B,,,,,,0,0,0,0
Saipa FC U19,,,,,,0,0,0,0
Paykan FC U21,,,,,,0,0,0,0
Amkar Perm,,,,,,0,0,0,0
Mes Kerman,,,,,,0,0,0,0
Al-Nasr U23,,,,,,0,0,0,0
Al-Orobah FC,,,,,,0,0,0,0
Al-Fateh U23,,,,,,0,0,0,0
Al-Shabab U23,,,,,,0,0,0,0
Al-Hilal U23,,,,,,0,0,0,0
Beira-Mar,,,,,,0,0,0,0
Damac FC,,,,,,0,0,0,0
Al-Qadsiah FC,,,,,,0,0,0,0
Belgrano II,,,,,,0,0,0,0
River Plate II,,,,,,0,0,0,0
Estudiantes II,,,,,,0,0,0,0
Deportivo Merlo,,,,,,0,0,0,0
River Plate U20,,,,,,0,0,0,0
Chievo Verona,,,,,,0,0,0,0
CABJ U20,,,,,,0,0,0,0
Ferro U20,,,,,,0,0,0,0
Vélez II,,,,,,0,0,0,0
Real Murcia,,,,,,0,0,0,0
CA Banfield U20,,,,,,0,0,0,0
Dolcan Zabki,,,,,,0,0,0,0
GKS Jastrzebie,,,,,,0,0,0,0
Warta Poznan,,,,,,0,0,0,0
G. Bordeaux B,,,,,,0,0,0,0
Gornik Leczna,,,,,,0,0,0,0
Aarhus GF,,,,,,0,0,0,0
Pogon II,,,,,,0,0,0,0
Walsall,,,,,,0,0,0,0
Radzionkow,,,,,,0,0,0,0
Chrobry Glogow,,,,,,0,0,0,0
Rakow,,,,,,0,0,0,0
Lech Poznan II,,,,,,0,0,0,0
Termalica,,,,,,0,0,0,0
Roma U19,,,,,,0,0,0,0
Podbeskidzie,,,,,,0,0,0,0
FC Empoli,,,,,,0,0,0,0
Asante Kotoko,,,,,,0,0,0,0
SC Bastia B,,,,,,0,0,0,0
AC Arles-Avignon,,,,,,0,0,0,0
Sturm Graz,,,,,,0,0,0,0
King Faisal,,,,,,0,0,0,0
Berekum Chelsea,,,,,,0,0,0,0
Inter Allies,,,,,,0,0,0,0
Valladolid Prom,,,,,,0,0,0,0
JMG Abidjan,,,,,,0,0,0,0
Akademisk U19,,,,,,0,0,0,0
CS Sfaxien U21,,,,,,0,0,0,0
Angers SCO B,,,,,,0,0,0,0
FC Chambly,,,,,,0,0,0,0
Les Herbiers VF,,,,,,0,0,0,0
AS Gabès,,,,,,0,0,0,0
US Monastir,,,,,,0,0,0,0
Värnamo,,,,,,0,0,0,0
ES Zarzis,,,,,,0,0,0,0
LB Châteauroux,,,,,,0,0,0,0
Nizza U19,,,,,,0,0,0,0
Slavia Sofia,,,,,,0,0,0,0
US Ben Guerdane,,,,,,0,0,0,0
CS Hammam-Lif,,,,,,0,0,0,0
